{
  "basic_stats": {
    "descriptive": {
      "age": {
        "count": 2772.0,
        "mean": 39.10966810966811,
        "std": 14.081459420836477,
        "min": 18.0,
        "25%": 26.0,
        "50%": 39.0,
        "75%": 51.0,
        "max": 64.0
      },
      "sex": {
        "count": 2772.0,
        "mean": 1.5072150072150072,
        "std": 0.5000381435669737,
        "min": 1.0,
        "25%": 1.0,
        "50%": 2.0,
        "75%": 2.0,
        "max": 2.0
      },
      "bmi": {
        "count": 2772.0,
        "mean": 30.70134920634921,
        "std": 6.1294486949652205,
        "min": 15.96,
        "25%": 26.22,
        "50%": 30.447499999999998,
        "75%": 34.77,
        "max": 53.13
      },
      "children": {
        "count": 2772.0,
        "mean": 1.1017316017316017,
        "std": 1.2148057644012689,
        "min": 0.0,
        "25%": 0.0,
        "50%": 1.0,
        "75%": 2.0,
        "max": 5.0
      },
      "smoker": {
        "count": 2772.0,
        "mean": 0.20346320346320346,
        "std": 0.402646761741354,
        "min": 0.0,
        "25%": 0.0,
        "50%": 0.0,
        "75%": 0.0,
        "max": 1.0
      },
      "region": {
        "count": 2772.0,
        "mean": 2.55988455988456,
        "std": 1.1307613073805254,
        "min": 1.0,
        "25%": 2.0,
        "50%": 3.0,
        "75%": 4.0,
        "max": 4.0
      },
      "charges": {
        "count": 2772.0,
        "mean": 13261.369959046897,
        "std": 12151.768945168045,
        "min": 1121.8739,
        "25%": 4687.797,
        "50%": 9333.014350000001,
        "75%": 16577.7795,
        "max": 63770.42801
      }
    },
    "additional": {
      "median": "age           39.00000\nsex            2.00000\nbmi           30.44750\nchildren       1.00000\nsmoker         0.00000\nregion         3.00000\ncharges     9333.01435\ndtype: float64",
      "mode": "age           18.0000\nsex            2.0000\nbmi           32.3000\nchildren       0.0000\nsmoker         0.0000\nregion         4.0000\ncharges     1121.8739\nName: 0, dtype: float64",
      "std_dev": "age            14.081459\nsex             0.500038\nbmi             6.129449\nchildren        1.214806\nsmoker          0.402647\nregion          1.130761\ncharges     12151.768945\ndtype: float64",
      "variance": "age         1.982875e+02\nsex         2.500381e-01\nbmi         3.757014e+01\nchildren    1.475753e+00\nsmoker      1.621244e-01\nregion      1.278621e+00\ncharges     1.476655e+08\ndtype: float64",
      "skewness": "age         0.061639\nsex        -0.028879\nbmi         0.279944\nchildren    0.955462\nsmoker      1.474001\nregion     -0.072342\ncharges     1.511315\ndtype: float64",
      "kurtosis": "age        -1.253111\nsex        -2.000610\nbmi        -0.089803\nchildren    0.259201\nsmoker      0.172804\nregion     -1.384743\ncharges     1.566160\ndtype: float64"
    }
  },
  "correlation": {
    "matrix": {
      "age": {
        "age": 1.0,
        "sex": -0.026046037425458395,
        "bmi": 0.11304845107996182,
        "children": 0.037574293799405196,
        "smoker": -0.02328616632811016,
        "region": -0.007166605046688888,
        "charges": 0.2986236656293628
      },
      "sex": {
        "age": -0.026046037425458395,
        "sex": 1.0,
        "bmi": 0.04292394416184603,
        "children": 0.01601990170517858,
        "smoker": 0.0823264774520814,
        "region": 0.02221250082691765,
        "charges": 0.06283682831973232
      },
      "bmi": {
        "age": 0.11304845107996182,
        "sex": 0.04292394416184603,
        "bmi": 1.0,
        "children": -0.0014922844772866047,
        "smoker": 0.011488658974010914,
        "region": 0.27111853021339827,
        "charges": 0.19984604873978876
      },
      "children": {
        "age": 0.037574293799405196,
        "sex": 0.01601990170517858,
        "bmi": -0.0014922844772866047,
        "children": 1.0,
        "smoker": 0.006362235985152376,
        "region": -0.025716548954265363,
        "charges": 0.06644231780125472
      },
      "smoker": {
        "age": -0.02328616632811016,
        "sex": 0.0823264774520814,
        "bmi": 0.011488658974010914,
        "children": 0.006362235985152376,
        "smoker": 1.0,
        "region": 0.054076995895810845,
        "charges": 0.7887833491419153
      },
      "region": {
        "age": -0.007166605046688888,
        "sex": 0.02221250082691765,
        "bmi": 0.27111853021339827,
        "children": -0.025716548954265363,
        "smoker": 0.054076995895810845,
        "region": 1.0,
        "charges": 0.054057526539949934
      },
      "charges": {
        "age": 0.2986236656293628,
        "sex": 0.06283682831973232,
        "bmi": 0.19984604873978876,
        "children": 0.06644231780125472,
        "smoker": 0.7887833491419153,
        "region": 0.054057526539949934,
        "charges": 1.0
      }
    },
    "charges_correlations": {
      "smoker": 0.7887833491419153,
      "age": 0.2986236656293628,
      "bmi": 0.19984604873978876,
      "children": 0.06644231780125472,
      "sex": 0.06283682831973232,
      "region": 0.054057526539949934
    },
    "strongest_predictor": "smoker",
    "strongest_correlation": 0.7887833491419153
  },
  "groups": {
    "smoker": {
      "count": {
        "no": 2208,
        "yes": 564
      },
      "mean": {
        "no": 8417.874411140398,
        "yes": 32223.139763617022
      },
      "median": {
        "no": 7341.415999999999,
        "yes": 34725.8811
      },
      "std": {
        "no": 6015.5682094193835,
        "yes": 11521.258968722677
      },
      "min": {
        "no": 1121.8739,
        "yes": 12829.4551
      },
      "max": {
        "no": 36910.60803,
        "yes": 63770.42801
      }
    },
    "sex": {
      "count": {
        "female": 1406,
        "male": 1366
      },
      "mean": {
        "female": 14013.872721266003,
        "male": 12486.831976850657
      },
      "median": {
        "female": 9361.3268,
        "male": 9283.562
      },
      "std": {
        "female": 13094.571070332919,
        "male": 11049.445433874624
      },
      "min": {
        "female": 1121.8739,
        "male": 1607.5101
      },
      "max": {
        "female": 62592.87309,
        "male": 63770.42801
      }
    },
    "region": {
      "count": {
        "northeast": 664,
        "northwest": 658,
        "southeast": 684,
        "southwest": 766
      },
      "mean": {
        "northeast": 12463.129315361446,
        "northwest": 13475.874737170214,
        "southeast": 12164.196434561403,
        "southwest": 14748.777705979113
      },
      "median": {
        "northeast": 9081.1472,
        "northwest": 10072.05505,
        "southeast": 8790.530999999999,
        "southwest": 9140.951
      },
      "std": {
        "northeast": 10996.174365223113,
        "northwest": 11310.618602830704,
        "southeast": 11419.830441320923,
        "southwest": 14138.46496758163
      },
      "min": {
        "northeast": 1621.3402,
        "northwest": 1694.7964,
        "southeast": 1241.565,
        "southwest": 1121.8739
      },
      "max": {
        "northeast": 60021.39897,
        "northwest": 58571.07448,
        "southeast": 52590.82939,
        "southwest": 63770.42801
      }
    },
    "children": {
      "count": {
        "0": 1186,
        "1": 672,
        "2": 496,
        "3": 324,
        "4": 52,
        "5": 42
      },
      "mean": {
        "0": 12317.920880993255,
        "1": 12722.650521279762,
        "2": 15268.182722943548,
        "3": 15304.070619691358,
        "4": 13550.983876153847,
        "5": 8706.036628571428
      },
      "median": {
        "0": 9850.432,
        "1": 8483.870149999999,
        "2": 9264.97915,
        "3": 10580.52,
        "4": 11024.4182,
        "5": 8596.8278
      },
      "std": {
        "0": 11983.52894346543,
        "1": 11859.598347934358,
        "2": 13163.84734691086,
        "3": 12283.730096688776,